{
  "data": {
    "n_rows": 100000,
    "n_raw_cols": 100,
    "sample_churn_rate": 0.49562,
    "dropped_protected": [
      "ethnic",
      "marital",
      "income",
      "creditcd",
      "crclscod",
      "kid0_2",
      "kid3_5",
      "kid6_10",
      "kid11_15",
      "kid16_17",
      "adults",
      "ownrent",
      "dwlltype",
      "dwllsize",
      "lor",
      "HHstatin",
      "infobase",
      "numbcars",
      "truck",
      "rv"
    ],
    "n_model_features": 123,
    "n_numeric": 84,
    "n_categorical_raw": 7
  },
  "model_comparison": {
    "Logistic Regression": {
      "auc": 0.6316365139316389,
      "pr_auc": 0.6178520705414008,
      "accuracy": 0.5953,
      "precision": 0.5923592765698029,
      "recall": 0.5881759483454398,
      "f1": 0.5902602004657285,
      "brier": 0.23680920484401785
    },
    "Random Forest": {
      "auc": 0.6795937277382762,
      "pr_auc": 0.6694110366904016,
      "accuracy": 0.62225,
      "precision": 0.6105638427619852,
      "recall": 0.6565778853914447,
      "f1": 0.6327354042098099,
      "brier": 0.2260878937054375
    },
    "XGBoost": {
      "auc": 0.6976283593401473,
      "pr_auc": 0.6915225515415433,
      "accuracy": 0.63715,
      "precision": 0.6311370147189568,
      "recall": 0.6445722356739306,
      "f1": 0.637783878213127,
      "brier": 0.2196495085954666
    }
  },
  "tuning": {
    "best_params": {
      "subsample": 0.7,
      "reg_lambda": 2.0,
      "n_estimators": 500,
      "min_child_weight": 3,
      "max_depth": 6,
      "learning_rate": 0.03,
      "colsample_bytree": 0.9
    },
    "best_cv_auc": 0.6970420689306192
  },
  "cv": {
    "mean_auc": 0.6986115733860874,
    "std_auc": 0.003197051520236926,
    "folds": [
      0.7008220551260956,
      0.6999657161251408,
      0.6923593368867303,
      0.70087289495602,
      0.69903786383645
    ]
  },
  "calibration": {
    "brier_raw": 0.21959882974624634,
    "brier_calibrated": 0.21940916374092057,
    "auc_calibrated": 0.6985621016491517
  },
  "base_rate": {
    "sample_rate": 0.49562,
    "true_rate": 0.02,
    "mean_p_sample": 0.49705716101238506,
    "mean_p_true": 0.027437276017704397
  },
  "capture_at_20pct": {
    "by_evar": 0.268361581920904,
    "by_score": 0.30135189669087975,
    "random": 0.2,
    "lift_evar_vs_random": 1.34180790960452
  },
  "profit_curve_base": {
    "optimal_frac": 0.42000000000000004,
    "optimal_net_profit_testset": 37838.01930924635,
    "optimal_net_profit_population": 189190.09654623177,
    "optimal_roi": 2.3856663974158585,
    "customers_saved_population": 351.12180197326035
  },
  "scenarios": [
    {
      "frac_contacted": 0.42000000000000004,
      "n_contacted": 8400.0,
      "exp_customers_saved": 42.134616236791246,
      "gross_value_saved": 27798.83733615304,
      "campaign_cost": 35074.71156828769,
      "net_profit": -7275.874232134654,
      "roi": 0.792560682417328,
      "scenario": "Bear",
      "name": "Bear",
      "save_rate": 0.12,
      "offer_cost": 35,
      "contact_cost": 4,
      "gross_margin": 0.55,
      "clv_months": 18,
      "annual_churn": 0.24,
      "net_profit_population": -36379.37116067327,
      "customers_saved_population": 210.67308118395624
    },
    {
      "frac_contacted": 0.42000000000000004,
      "n_contacted": 8400.0,
      "exp_customers_saved": 70.22436039465207,
      "gross_value_saved": 65144.75012108591,
      "campaign_cost": 27306.730811839563,
      "net_profit": 37838.01930924635,
      "roi": 2.3856663974158585,
      "scenario": "Base",
      "name": "Base",
      "save_rate": 0.2,
      "offer_cost": 30,
      "contact_cost": 3,
      "gross_margin": 0.58,
      "clv_months": 24,
      "annual_churn": 0.24,
      "net_profit_population": 189190.09654623177,
      "customers_saved_population": 351.12180197326035
    },
    {
      "frac_contacted": 0.42000000000000004,
      "n_contacted": 8400.0,
      "exp_customers_saved": 98.3141045525129,
      "gross_value_saved": 117934.46142610381,
      "campaign_cost": 19257.85261381282,
      "net_profit": 98676.60881229099,
      "roi": 6.123967390918473,
      "scenario": "Bull",
      "name": "Bull",
      "save_rate": 0.28,
      "offer_cost": 25,
      "contact_cost": 2,
      "gross_margin": 0.6,
      "clv_months": 30,
      "annual_churn": 0.24,
      "net_profit_population": 493383.04406145494,
      "customers_saved_population": 491.5705227625645
    }
  ],
  "shap_top_features": {
    "eqpdays": 0.23503729701042175,
    "months": 0.16400182247161865,
    "mou_trend": 0.13918955624103546,
    "mou_3m_vs_life": 0.1330447494983673,
    "totmrc_Mean": 0.08767987042665482,
    "hnd_price": 0.07395253330469131,
    "avgqty": 0.06745332479476929,
    "change_mou": 0.06028198078274727,
    "asl_flag_N": 0.04625655710697174,
    "rev_trend": 0.04562332108616829,
    "inactive_subs": 0.04511980712413788,
    "uniqsubs": 0.04223260283470154,
    "dropvce_rate": 0.04118406027555466,
    "overage_share": 0.04078816995024681,
    "ovrmou_Mean": 0.03434967249631882
  },
  "uplift": {
    "method": "T-learner (two-model), SIMULATED treatment response",
    "note": "Observational data has no treatment/control; response is simulated under documented assumptions to demonstrate the persuadables framework. A live A/B holdout is recommended.",
    "mean_uplift_top20": 0.3556516766548157,
    "mean_uplift_overall": 0.21196432411670685,
    "persuadable_share_positive_uplift": 0.9474,
    "uplift_hist": [
      1,
      2,
      1,
      1,
      5,
      14,
      19,
      49,
      139,
      311,
      617,
      775,
      824,
      880,
      1063,
      1230,
      1507,
      1685,
      1773,
      2048,
      2248,
      1885,
      1242,
      812,
      470,
      234,
      101,
      40,
      17,
      7
    ],
    "uplift_edges": [
      -0.2970671057701111,
      -0.2687477767467499,
      -0.24042844772338867,
      -0.21210911870002747,
      -0.18378978967666626,
      -0.15547046065330505,
      -0.12715113162994385,
      -0.09883180260658264,
      -0.07051247358322144,
      -0.04219314455986023,
      -0.013873815536499023,
      0.014445513486862183,
      0.04276484251022339,
      0.0710841715335846,
      0.0994035005569458,
      0.127722829580307,
      0.1560421586036682,
      0.18436148762702942,
      0.21268081665039062,
      0.24100011587142944,
      0.26931947469711304,
      0.29763883352279663,
      0.32595813274383545,
      0.35427743196487427,
      0.38259679079055786,
      0.41091614961624146,
      0.4392354488372803,
      0.4675547480583191,
      0.4958741068840027,
      0.5241934657096863,
      0.5525127649307251
    ]
  },
  "personas": {
    "features_used": [
      "eqp_months",
      "mou_trend",
      "care_intensity",
      "overage_share",
      "rev_per_mou",
      "drop_rate",
      "months"
    ],
    "clusters": [
      {
        "cluster": 0,
        "size": 10348,
        "share": 0.5174,
        "churn_rate": 0.4707189795129494,
        "avg_rev": 49.522613065336884,
        "avg_eqp_months": 9.558880943177424,
        "avg_care": 0.004137162174888572
      },
      {
        "cluster": 1,
        "size": 167,
        "share": 0.00835,
        "churn_rate": 0.8383233532934131,
        "avg_rev": 43.674580838323344,
        "avg_eqp_months": 15.2185628742515,
        "avg_care": 0.14622218453390104
      },
      {
        "cluster": 2,
        "size": 5285,
        "share": 0.26425,
        "churn_rate": 0.5154210028382213,
        "avg_rev": 46.744719804494416,
        "avg_eqp_months": 22.66683065279092,
        "avg_care": 0.0027884382181241276
      },
      {
        "cluster": 3,
        "size": 4200,
        "share": 0.21,
        "churn_rate": 0.5183333333333333,
        "avg_rev": 95.241657738115,
        "avg_eqp_months": 9.64295238095238,
        "avg_care": 0.003330929947963377
      }
    ]
  },
  "descriptive": {
    "arpu": 58.72016990656867,
    "median_tenure_months": 16.0,