{
  "n_rows": 100000,
  "n_cols": 100,
  "churn_rate": 0.49562,
  "n_churn": 49562,
  "n_stay": 50438,
  "missing": {
    "numbcars": 49366,
    "dwllsize": 38308,
    "HHstatin": 37923,
    "ownrent": 33706,
    "dwlltype": 31909,
    "lor": 30190,
    "income": 25436,
    "adults": 23019,
    "infobase": 22079,
    "hnd_webcap": 10189,
    "prizm_social_one": 7388,
    "avg6mou": 2839,
    "avg6qty": 2839,
    "avg6rev": 2839,
    "truck": 1732,
    "rv": 1732,
    "kid11_15": 1732,
    "kid16_17": 1732,
    "marital": 1732,
    "forgntvl": 1732,
    "creditcd": 1732,
    "kid0_2": 1732,
    "kid3_5": 1732,
    "kid6_10": 1732,
    "ethnic": 1732,
    "change_mou": 891,
    "change_rev": 891,
    "hnd_price": 847,
    "da_Mean": 357,
    "totmrc_Mean": 357,
    "ovrmou_Mean": 357,
    "ovrrev_Mean": 357,
    "datovr_Mean": 357,
    "vceovr_Mean": 357,
    "rev_Mean": 357,
    "mou_Mean": 357,
    "roam_Mean": 357,
    "area": 40,
    "refurb_new": 1,
    "eqpdays": 1,
    "phones": 1,
    "dualband": 1,
    "models": 1
  },
  "arpu_mean": 58.71998484590209,
  "arpu_median": 48.195,
  "mou_mean": 513.5599368913631,
  "months_mean": 18.83399,
  "months_median": 16.0,
  "corr_top_pos": {
    "callfwdv_Mean": -0.0022,
    "datovr_Mean": -0.0013,
    "recv_sms_Mean": -0.0008,
    "rv": 0.0005,
    "numbcars": 0.0024,
    "income": 0.0053,
    "change_rev": 0.0078,
    "roam_Mean": 0.0093,
    "actvsubs": 0.0197,
    "ovrmou_Mean": 0.0197,
    "months": 0.021,
    "ovrrev_Mean": 0.0237,
    "vceovr_Mean": 0.0242,
    "uniqsubs": 0.0399,
    "eqpdays": 0.1127
  },
  "corr_top_neg": {
    "hnd_price": -0.1032,
    "totmrc_Mean": -0.0686,
    "mou_Mean": -0.057,
    "mou_cvce_Mean": -0.052,
    "complete_Mean": -0.0517,
    "comp_vce_Mean": -0.0516,
    "avg3mou": -0.0495,
    "mou_opkv_Mean": -0.0489,
    "attempt_Mean": -0.0485,
    "plcd_vce_Mean": -0.0483,
    "peak_vce_Mean": -0.0483,
    "opk_vce_Mean": -0.0479,
    "mou_peav_Mean": -0.0473,
    "mou_rvce_Mean": -0.0471,
    "models": -0.0451
  },
  "churn_by_asl_flag": {
    "N": 0.5096,
    "Y": 0.4093
  },
  "churn_by_new_cell": {
    "N": 0.4966,
    "U": 0.497,
    "Y": 0.4903
  },
  "churn_by_refurb_new": {
    "N": 0.4891,
    "R": 0.5344
  }
}